date,taiex,chg,pct,volume,note
2026-09-15,45511.49,-351.03,-0.77%,"6,347 億",回補；失守月線
2026-09-16,45848.90,+337.41,+0.74%,"6,760 億",回補；FOMC 前量縮
2026-09-17,46288.00,+439.10,+0.96%,"8,666 億",回補；升息落地反彈、站回月線
2026-09-18,47180.75,+892.75,+1.93%,1.14 兆,重返47K；週線+995；成交值較前日+31.8%
2026-09-21,47718.84,+538.09,+1.14%,"8,668 億","創6/24以來新高；連四紅合計+2207點；成交值較前日-24.1%（FMTQIK官方值覆核修正，原記8,202億）；三大法人買超478.05億"
2026-09-22,47800.17,+81.33,+0.17%,"10,788 億","盤中48,601.53創盤中新高、收盤同創新高；收當日最低留長上影線；三大法人買超608.2億(外資+447.26)；成交值較前日+24.5%（FMTQIK官方值覆核修正，原記約1.02兆）"
2026-09-23,48157.29,+357.12,+0.75%,"8,947 億","再創收盤新高；成交值較前日-17.1%（FMTQIK官方值覆核修正，原記中央社8,559.53億）；三大法人買超389.21億(外資+373.13)；中秋連假前"
2026-09-24,48024.60,-132.69,-0.28%,"7,756 億","中秋連假前最後交易日量縮收黑、守住48K；成交值較前日-13.3%（FMTQIK官方值覆核修正，原記經濟日報新聞值7,366億）；台積電收2,475元跌1%；三大法人賣超438.72億(外資-338.02/投信-114.09)"
2026-09-29,47631.96,-392.64,-0.82%,"8,361 億","中秋連假後首個交易日；開高走低、盤中最低47,573.09；聯發科-7.1%、台積電平盤；成交值較前日+7.8%（FMTQIK官方值覆核修正，原記中央社新聞值7,850.39億）"
2026-09-30,47940.13,+308.17,+0.65%,"9,215 億","季底最後交易日開高走高、盤中最高48,379.71重返48K；泥窯+3.13%、塑化+2.90%；友達、群創爆量漲停；成交值較前日+10.2%（FMTQIK官方值覆核修正，原記中央社新聞值8,757億）"
2026-10-01,48353.49,+413.36,+0.86%,"8,740 億","FMTQIK 官方值（10/02 早上覆核：成交值 8,740.46 億，原記新聞值 8,374 億有誤）"
2026-10-02,48475.74,+122.25,+0.25%,"9,382 億","FMTQIK 官方值；續創收盤新高、週線連三紅；資金流向油電燃氣、化學、塑膠、電子零組件、光電（新聞成交值 8,981.74 億與官方不符，以官方為準）"
2026-10-05,49712.04,+1236.30,+2.55%,"12,110 億","FMTQIK 官方值（10/06 收盤場覆核：成交值 12,110.41 億，原記中央社新聞值 11,508 億有誤）；盤中最高 49,770.66 創高、台積電收 2,575 元新高；成交值較前日 +29.1%"
2026-10-06,49822.55,+110.51,+0.22%,"10,262 億","FMTQIK 官方值（10/07 收盤場覆核：成交值 10,262.05 億，原記中央社新聞值 9,759 億有誤）；早盤觸 49,968.92 創盤中新高、台積電收 2,585 元新高"
2026-10-07,49806.37,-16.18,-0.03%,"9,863 億","FMTQIK 官方值（10/08 收盤場覆核：成交值 9,862.80 億，原記中央社新聞值 9,260 億有誤）；盤中最高 49,966.89；被動元件、塑化撐盤，川湖、穎崴跌停；成交值較前日 -3.9%"
2026-10-08,49313.44,-492.93,-0.99%,"9,245 億","FMTQIK 官方值（10/09 收盤場覆核：成交值 9,245.09 億，原記新聞值 8,696.97 億有誤）；國慶連假前觀望、跌破 5 萬點，台積電收 2,550 元（-35）；成交值較前日 -6.3%"
